"id","first_name","last_name","email","gender","ip_address","avatar","mac_address","postal_code","url"
"1","Jason","Wood","jwood0@pbs.org","Male","176.110.222.137","https://robohash.org/cumtemporibusrepudiandae.jpg?size=50x50&set=set1","F0-8B-97-55-F3-E4","571 36","http://tmall.com/eu.html?erat=hac&quisque=habitasse&erat=platea&eros=dictumst&viverra=etiam&eget=faucibus&congue=cursus&eget=urna&semper=ut&rutrum=tellus&nulla=nulla&nunc=ut&purus=erat&phasellus=id&in=mauris&felis=vulputate&donec=elementum&semper=nullam&sapien=varius&a=nulla&libero=facilisi&nam=cras&dui=non&proin=velit&leo=nec&odio=nisi&porttitor=vulputate&id=nonummy&consequat=maecenas&in=tincidunt&consequat=lacus&ut=at&nulla=velit&sed=vivamus&accumsan=vel&felis=nulla&ut=eget&at=eros&dolor=elementum&quis=pellentesque&odio=quisque&consequat=porta&varius=volutpat&integer=erat&ac=quisque&leo=erat&pellentesque=eros&ultrices=viverra&mattis=eget&odio=congue&donec=eget&vitae=semper&nisi=rutrum&nam=nulla&ultrices=nunc&libero=purus&non=phasellus&mattis=in&pulvinar=felis&nulla=donec&pede=semper&ullamcorper=sapien&augue=a&a=libero&suscipit=nam&nulla=dui&elit=proin&ac=leo&nulla=odio&sed=porttitor&vel=id&enim=consequat&sit=in&amet=consequat&nunc=ut&viverra=nulla&dapibus=sed&nulla=accumsan&suscipit=felis&ligula=ut&in=at&lacus=dolor&curabitur=quis&at=odio&ipsum=consequat&ac=varius&tellus=integer"
"2","Carol","Howard","choward1@go.com","Female","181.255.116.106","https://robohash.org/consequaturdoloremea.jpg?size=50x50&set=set1","6B-96-C5-AA-65-58","","http://arstechnica.com/porttitor/lacus/at/turpis/donec/posuere/metus.jpg?orci=in&vehicula=blandit&condimentum=ultrices&curabitur=enim&in=lorem&libero=ipsum&ut=dolor&massa=sit&volutpat=amet&convallis=consectetuer&morbi=adipiscing&odio=elit&odio=proin&elementum=interdum&eu=mauris&interdum=non&eu=ligula&tincidunt=pellentesque&in=ultrices&leo=phasellus&maecenas=id&pulvinar=sapien&lobortis=in&est=sapien&phasellus=iaculis&sit=congue&amet=vivamus&erat=metus&nulla=arcu&tempus=adipiscing&vivamus=molestie&in=hendrerit&felis=at&eu=vulputate&sapien=vitae&cursus=nisl&vestibulum=aenean&proin=lectus&eu=pellentesque&mi=eget&nulla=nunc&ac=donec&enim=quis&in=orci&tempor=eget&turpis=orci&nec=vehicula&euismod=condimentum&scelerisque=curabitur&quam=in&turpis=libero&adipiscing=ut&lorem=massa&vitae=volutpat&mattis=convallis&nibh=morbi&ligula=odio&nec=odio&sem=elementum&duis=eu&aliquam=interdum&convallis=eu&nunc=tincidunt&proin=in&at=leo&turpis=maecenas&a=pulvinar&pede=lobortis&posuere=est&nonummy=phasellus&integer=sit&non=amet&velit=erat&donec=nulla&diam=tempus&neque=vivamus&vestibulum=in"
"3","Teresa","Patterson","tpatterson2@storify.com","Female","61.21.199.59","https://robohash.org/pariaturoccaecatiaut.bmp?size=50x50&set=set1","72-24-DF-9A-A4-57","","http://hugedomains.com/urna.png?morbi=sapien&vel=varius&lectus=ut&in=blandit&quam=non&fringilla=interdum&rhoncus=in&mauris=ante&enim=vestibulum&leo=ante&rhoncus=ipsum&sed=primis&vestibulum=in&sit=faucibus&amet=orci&cursus=luctus&id=et&turpis=ultrices&integer=posuere&aliquet=cubilia&massa=curae&id=duis&lobortis=faucibus&convallis=accumsan&tortor=odio&risus=curabitur&dapibus=convallis&augue=duis&vel=consequat&accumsan=dui&tellus=nec&nisi=nisi&eu=volutpat&orci=eleifend&mauris=donec&lacinia=ut&sapien=dolor&quis=morbi&libero=vel&nullam=lectus&sit=in&amet=quam&turpis=fringilla&elementum=rhoncus&ligula=mauris&vehicula=enim&consequat=leo&morbi=rhoncus&a=sed&ipsum=vestibulum"
"4","Daniel","Murphy","dmurphy3@meetup.com","Male","36.60.199.163","https://robohash.org/nullaquaeratodit.bmp?size=50x50&set=set1","1A-46-22-FE-BF-A4","01508","http://creativecommons.org/risus/auctor/sed/tristique.xml?tortor=nisl&sollicitudin=duis&mi=bibendum&sit=felis"
"5","Evelyn","Russell","","Female","169.198.61.224","https://robohash.org/eiusnonet.png?size=50x50&set=set1","C4-39-25-5A-75-2D","","https://cargocollective.com/ultrices/posuere/cubilia/curae/donec.aspx?purus=in&sit=hac&amet=habitasse&nulla=platea&quisque=dictumst&arcu=etiam&libero=faucibus"
"6","Clarence","Allen","callen5@woothemes.com","Male","36.116.188.47","https://robohash.org/rationeporroquis.jpg?size=50x50&set=set1","CF-A7-85-FA-C8-9A","","https://seesaa.net/dolor/vel/est/donec/odio.jsp?amet=consequat&consectetuer=in&adipiscing=consequat&elit=ut&proin=nulla&interdum=sed&mauris=accumsan&non=felis&ligula=ut&pellentesque=at&ultrices=dolor&phasellus=quis&id=odio&sapien=consequat&in=varius&sapien=integer&iaculis=ac&congue=leo&vivamus=pellentesque&metus=ultrices&arcu=mattis&adipiscing=odio&molestie=donec&hendrerit=vitae&at=nisi&vulputate=nam&vitae=ultrices&nisl=libero&aenean=non&lectus=mattis&pellentesque=pulvinar&eget=nulla&nunc=pede&donec=ullamcorper&quis=augue&orci=a&eget=suscipit&orci=nulla&vehicula=elit&condimentum=ac&curabitur=nulla&in=sed&libero=vel&ut=enim&massa=sit&volutpat=amet&convallis=nunc"
"7","","Roberts","eroberts6@flavors.me","Female","114.4.104.239","https://robohash.org/quibusdamaccusamusquas.bmp?size=50x50&set=set1","A1-0B-A0-46-4B-BB","","http://upenn.edu/lacinia/sapien.png?ultrices=libero&libero=quis&non=orci&mattis=nullam&pulvinar=molestie&nulla=nibh&pede=in&ullamcorper=lectus&augue=pellentesque&a=at&suscipit=nulla&nulla=suspendisse&elit=potenti&ac=cras&nulla=in&sed=purus&vel=eu&enim=magna&sit=vulputate&amet=luctus&nunc=cum&viverra=sociis&dapibus=natoque&nulla=penatibus&suscipit=et&ligula=magnis&in=dis&lacus=parturient&curabitur=montes&at=nascetur&ipsum=ridiculus&ac=mus&tellus=vivamus&semper=vestibulum&interdum=sagittis&mauris=sapien&ullamcorper=cum&purus=sociis&sit=natoque&amet=penatibus&nulla=et&quisque=magnis&arcu=dis&libero=parturient&rutrum=montes&ac=nascetur&lobortis=ridiculus&vel=mus&dapibus=etiam&at=vel&diam=augue&nam=vestibulum"
"8","Sandra","Shaw","sshaw7@webnode.com","Female","178.133.7.111","https://robohash.org/iureautemneque.bmp?size=50x50&set=set1","BA-94-9C-08-98-6E","","http://nsw.gov.au/sapien/ut/nunc/vestibulum/ante.jpg?erat=vestibulum&tortor=ante&sollicitudin=ipsum&mi=primis"
"9","Nicole","Mccoy","nmccoy8@t.co","Female","201.121.179.225","https://robohash.org/officiaanimiqui.bmp?size=50x50&set=set1","1B-C2-16-D9-33-70","","https://geocities.jp/metus.json?vulputate=bibendum&nonummy=morbi&maecenas=non&tincidunt=quam&lacus=nec&at=dui&velit=luctus&vivamus=rutrum&vel=nulla&nulla=tellus&eget=in&eros=sagittis&elementum=dui&pellentesque=vel&quisque=nisl&porta=duis&volutpat=ac&erat=nibh&quisque=fusce&erat=lacus&eros=purus&viverra=aliquet&eget=at&congue=feugiat&eget=non&semper=pretium&rutrum=quis&nulla=lectus&nunc=suspendisse&purus=potenti&phasellus=in&in=eleifend&felis=quam&donec=a&semper=odio&sapien=in&a=hac&libero=habitasse&nam=platea&dui=dictumst&proin=maecenas&leo=ut&odio=massa&porttitor=quis&id=augue&consequat=luctus&in=tincidunt&consequat=nulla&ut=mollis&nulla=molestie&sed=lorem&accumsan=quisque&felis=ut&ut=erat&at=curabitur&dolor=gravida&quis=nisi&odio=at&consequat=nibh&varius=in&integer=hac&ac=habitasse&leo=platea&pellentesque=dictumst&ultrices=aliquam&mattis=augue&odio=quam&donec=sollicitudin&vitae=vitae&nisi=consectetuer&nam=eget&ultrices=rutrum&libero=at&non=lorem&mattis=integer"
"10","Craig","Thompson","cthompson9@qq.com","Male","233.165.70.205","https://robohash.org/etodioharum.bmp?size=50x50&set=set1","63-11-DE-9A-DA-9E","","https://pagesperso-orange.fr/auctor/gravida/sem/praesent/id.aspx?vestibulum=rhoncus&ac=mauris&est=enim&lacinia=leo&nisi=rhoncus&venenatis=sed&tristique=vestibulum&fusce=sit&congue=amet&diam=cursus&id=id&ornare=turpis&imperdiet=integer&sapien=aliquet&urna=massa&pretium=id&nisl=lobortis&ut=convallis&volutpat=tortor&sapien=risus&arcu=dapibus&sed=augue&augue=vel&aliquam=accumsan&erat=tellus&volutpat=nisi&in=eu&congue=orci&etiam=mauris&justo=lacinia&etiam=sapien&pretium=quis&iaculis=libero&justo=nullam&in=sit&hac=amet&habitasse=turpis&platea=elementum&dictumst=ligula&etiam=vehicula&faucibus=consequat&cursus=morbi&urna=a&ut=ipsum&tellus=integer&nulla=a&ut=nibh&erat=in&id=quis&mauris=justo&vulputate=maecenas&elementum=rhoncus&nullam=aliquam&varius=lacus&nulla=morbi&facilisi=quis"